"municipality","party","year","support"
1,32,2011,0.068346592468
2,32,2011,0.065906906495
3,32,2011,0.056651919854
4,32,2011,0.06687189202
5,32,2011,0.039865898987
6,32,2011,0.062049433574
7,32,2011,0.063794378698
8,32,2011,0.048926165968
9,32,2011,0.068198082153
10,32,2011,0.07209860604
11,32,2011,0.057932392897
12,32,2011,0.038625708488
13,32,2011,0.078577507285
14,32,2011,0.067204570512
21,32,2011,0.06378208721
22,32,2011,0.1184447505
23,32,2011,0.076127518925
24,32,2011,0.077497129736
25,32,2011,0.083626636632
26,32,2011,0.057878602085
27,32,2011,0.093344961357
28,32,2011,0.047667921086
29,32,2011,0.064203480589
30,32,2011,0.064614582946
31,32,2011,0.093250604235
32,32,2011,0.081138188477
33,32,2011,0.10118011952
34,32,2011,0.1110935774
35,32,2011,0.086095700416
36,32,2011,0.068672173591
37,32,2011,0.11113501883
38,32,2011,0.055892053973
39,32,2011,0.073854501608
40,32,2011,0.1334755111
41,32,2011,0.091754083123
42,32,2011,0.0449078413
43,32,2011,0.11049856184
44,32,2011,0.071180383203
51,32,2011,0.094390304848
52,32,2011,0.074002449558
53,32,2011,0.057959130548
54,32,2011,0.10282869101
55,32,2011,0.060269106774
56,32,2011,0.064642171648
57,32,2011,0.06933287951
58,32,2011,0.069354496856
59,32,2011,0.059078786783
60,32,2011,0.0786271809
61,32,2011,0.10280535175
62,32,2011,0.06582427946
63,32,2011,0.07585174954
64,32,2011,0.073169225067
65,32,2011,0.078907225073
66,32,2011,0.05358668576
67,32,2011,0.074098966647
68,32,2011,0.04036216345
69,32,2011,0.060362324288
70,32,2011,0.048877998452
71,32,2011,0.073024674245
72,32,2011,0.067906155072
81,32,2011,0.038514129444
82,32,2011,0.044445766645
83,32,2011,0.057499310433
84,32,2011,0.054534375952
85,32,2011,0.072937842666
86,32,2011,0.054524386842
87,32,2011,0.030236312931
88,32,2011,0.056386435035
89,32,2011,0.04718204968
90,32,2011,0.05454144985
91,32,2011,0.053764527539
92,32,2011,0.042658589747
93,32,2011,0.078120890105
94,32,2011,0.068197113587
95,32,2011,0.027557286206
96,32,2011,0.053821102378
97,32,2011,0.046522837257
98,32,2011,0.050546297318
99,32,2011,0.071690767519
100,32,2011,0.06485795195
101,32,2011,0.054992053172
102,32,2011,0.070928981349
111,32,2011,0.070173896225
112,32,2011,0.055085984313
113,32,2011,0.060606474339
114,32,2011,0.059395376408
115,32,2011,0.067927870048
116,32,2011,0.079375848033
117,32,2011,0.066172479305
118,32,2011,0.051794460933
119,32,2011,0.066694884508
120,32,2011,0.041803053397
121,32,2011,0.057254901961
131,32,2011,0.069702571442
132,32,2011,0.083769224764
133,32,2011,0.064072380125
134,32,2011,0.064247020585
135,32,2011,0.055541285261
136,32,2011,0.057467608789
137,32,2011,0.04402124431
138,32,2011,0.055081316332
139,32,2011,0.059366123009
140,32,2011,0.083128928407
141,32,2011,0.056840226585
142,32,2011,0.049072779714
151,32,2011,0.038337474727
152,32,2011,0.034050846616
153,32,2011,0.054542759745
154,32,2011,0.036506104956
155,32,2011,0.051591786757
156,32,2011,0.046807162098
157,32,2011,0.062664907652
158,32,2011,0.041790891333
159,32,2011,0.056126448413
160,32,2011,0.043039000811
161,32,2011,0.04858858666
171,32,2011,0.059483560139
172,32,2011,0.079149800835
173,32,2011,0.073369008312
174,32,2011,0.074527893902
175,32,2011,0.082132018209
176,32,2011,0.068482967533
177,32,2011,0.053118344485
178,32,2011,0.070245049414
179,32,2011,0.020317460317
180,32,2011,0.068451711293
181,32,2011,0.062139654068
182,32,2011,0.1055058313
191,32,2011,0.08813158592
192,32,2011,0.078816368734
193,32,2011,0.061036053035
194,32,2011,0.075847628252
195,32,2011,0.057911951446
196,32,2011,0.10028592358
197,32,2011,0.089677434021
198,32,2011,0.068293292058
199,32,2011,0.092493042829
200,32,2011,0.094315063674
211,32,2011,0.11076512456
213,32,2011,0.07069057459
214,32,2011,0.075775745765
215,32,2011,0.052858189813
216,32,2011,0.080556454222
217,32,2011,0.054421485018
218,32,2011,0.15614175326
219,32,2011,0.06444266783
220,32,2011,0.07142306209
221,32,2011,0.059988439597
222,32,2011,0.042117930205
223,32,2011,0.052497118111
224,32,2011,0.06907907188
225,32,2011,0.076809695382
226,32,2011,0.043383497665
227,32,2011,0.055827023123
228,32,2011,0.068199215941
230,32,2011,0.044056306235
231,32,2011,0.061108677472
241,32,2011,0.064243665216
242,32,2011,0.058654434251
243,32,2011,0.047244422533
244,32,2011,0.060615298631
245,32,2011,0.055082623936
246,32,2011,0.057017874651
247,32,2011,0.057232123006
248,32,2011,0.045743961868
249,32,2011,0.052276559865
250,32,2011,0.077425228146
251,32,2011,0.041020919646
261,32,2011,0.03005368257
298,32,2011,0.059963390772
301,32,2011,0.17811446142
302,32,2011,0.18008412403
303,32,2011,0.21180040459
304,32,2011,0.21323290344
305,32,2011,0.24048797134
306,32,2011,0.17415382985
307,32,2011,0.16529316401
309,32,2011,0.1446378175
310,32,2011,0.18705968095
311,32,2011,0.19520036096
312,32,2011,0.21814165808
321,32,2011,0.15330486396
322,32,2011,0.19393421615
323,32,2011,0.18508428401
324,32,2011,0.13035019455
325,32,2011,0.14369106421
326,32,2011,0.17856676674
329,32,2011,0.12102203552
331,32,2011,0.14184814597
332,32,2011,0.1665846608
333,32,2011,0.17158658832
334,32,2011,0.1931185362
335,32,2011,0.18117977528
336,32,2011,0.12444001991
337,32,2011,0.15767681604
338,32,2011,0.1607094867
339,32,2011,0.18316624896
340,32,2011,0.19421487603
341,32,2011,0.13093385214
342,32,2011,0.13740761345
344,32,2011,0.20419779438
345,32,2011,0.15332252836
351,32,2011,0.089185004048
352,32,2011,0.16136053044
353,32,2011,0.15154369641
354,32,2011,0.14225203894
355,32,2011,0.13381637374
356,32,2011,0.14120231944
357,32,2011,0.14046352965
358,32,2011,0.24500154751
359,32,2011,0.17272300714
360,32,2011,0.14977564311
361,32,2011,0.15295604723
362,32,2011,0.1517909254
363,32,2011,0.17907368857
371,32,2011,0.074313597384
372,32,2011,0.11866798363
381,32,2011,0.29152486096
382,32,2011,0.18878138678
383,32,2011,0.19147842183
385,32,2011,0.19523911187
386,32,2011,0.21127733026
387,32,2011,0.14876375251
388,32,2011,0.26425710471
390,32,2011,0.2159654976
391,32,2011,0.26742171885
392,32,2011,0.14509484164
393,32,2011,0.47827743902
394,32,2011,0.18046811945
401,32,2011,0.14665334665
402,32,2011,0.22381027171
403,32,2011,0.21123090746
404,32,2011,0.14322810947
405,32,2011,0.19937569677
406,32,2011,0.20303975058
407,32,2011,0.130313941
409,32,2011,0.19008307105
410,32,2011,0.20814901048
411,32,2011,0.26613112205
412,32,2011,0.22233427201
413,32,2011,0.22395807337
414,32,2011,0.1895785705
415,32,2011,0.17659819673
416,32,2011,0.093300703579
418,32,2011,0.1617921593
420,32,2011,0.17257839465
421,32,2011,0.16870629371
423,32,2011,0.21056845476
424,32,2011,0.16641591441
431,32,2011,0.051346378993
432,32,2011,0.11328602887
433,32,2011,0.0738980121
434,32,2011,0.046293853864
435,32,2011,0.044539755856
436,32,2011,0.092843326886
437,32,2011,0.1368159204
438,32,2011,0.049088699878
439,32,2011,0.063854047891
441,32,2011,0.072793606671
442,32,2011,0.066314996232
443,32,2011,0.04198862189
444,32,2011,0.056913910006
445,32,2011,0.079558369865
446,32,2011,0.031650157043
448,32,2011,0.094713656388
449,32,2011,0.076057431121
491,32,2011,0.22783761392
492,32,2011,0.15852832744
493,32,2011,0.24245550684
494,32,2011,0.21346242508
495,32,2011,0.19692460317
496,32,2011,0.17202946918
497,32,2011,0.15670289855
498,32,2011,0.20859813084
499,32,2011,0.19337606838
500,32,2011,0.28219971056
501,32,2011,0.19444444444
502,32,2011,0.25444329779
532,32,2011,0.21445221445
533,32,2011,0.20846830928
536,32,2011,0.13220973783
538,32,2011,0.24418241593
540,32,2011,0.19681311326
541,32,2011,0.29689194073
543,32,2011,0.17663043478
544,32,2011,0.174085559
546,32,2011,0.15990924011
551,32,2011,0.18343765046
552,32,2011,0.20886937319
553,32,2011,0.17892720307
554,32,2011,0.29374597034
556,32,2011,0.1347985348
557,32,2011,0.28633496847
561,32,2011,0.10407293393
562,32,2011,0.15088881436
563,32,2011,0.10307008923
564,32,2011,0.12711011738
565,32,2011,0.32112051261
566,32,2011,0.33268153942
567,32,2011,0.148040395
571,32,2011,0.13698858428
572,32,2011,0.17539503386
573,32,2011,0.16767983789
574,32,2011,0.13851653262
575,32,2011,0.19578313253
576,32,2011,0.14849211442
577,32,2011,0.18573155985
578,32,2011,0.25835370823
579,32,2011,0.13516383495
580,32,2011,0.22410776767
581,32,2011,0.16391688219
582,32,2011,0.24950382762
584,32,2011,0.21457577562
585,32,2011,0.21323856064
586,32,2011,0.054755043228
587,32,2011,0.1794094426
588,32,2011,0.1577146767
589,32,2011,0.14285714286
590,32,2011,0.18678531702
591,32,2011,0.098076923077
592,32,2011,0.13479280688
593,32,2011,0.16342361046
594,32,2011,0.15942550988
602,32,2011,0.15235281705
603,32,2011,0.24037905929
605,32,2011,0.17062937063
606,32,2011,0.18013981
607,32,2011,0.16413301663
608,32,2011,0.19771564752
609,32,2011,0.16688227684
610,32,2011,0.1520445383
611,32,2011,0.21166630924
612,32,2011,0.16968442835
613,32,2011,0.15966035635
614,32,2011,0.1064737243
615,32,2011,0.21096654275
616,32,2011,0.16600569369
617,32,2011,0.16369313113
619,32,2011,0.11873944851
620,32,2011,0.27589197225
622,32,2011,0.16697339803
623,32,2011,0.19393760068
624,32,2011,0.21286581999
625,32,2011,0.15627530364
626,32,2011,0.16813968528
627,32,2011,0.16493816407
628,32,2011,0.21270614693
629,32,2011,0.1677002584
630,32,2011,0.21681895617
632,32,2011,0.18189736698
662,32,2011,0.16521872838
663,32,2011,0.22717182181
664,32,2011,0.17933333333
665,32,2011,0.13671328671
666,32,2011,0.23849074514
667,32,2011,0.19905124757
668,32,2011,0.17961624215
669,32,2011,0.16751946607
670,32,2011,0.17264706526
671,32,2011,0.21360665478
681,32,2011,0.042994241843
682,32,2011,0.053032163025
683,32,2011,0.085576923077
684,32,2011,0.11378205128
687,32,2011,0.035595105673
690,32,2011,0.034666099532
691,32,2011,0.080043561122
692,32,2011,0.060618729097
694,32,2011,0.079924953096
696,32,2011,0.034182071852
697,32,2011,0.038277880468
699,32,2011,0.076923076923
700,32,2011,0.027843047556
701,32,2011,0.079862700229
702,32,2011,0.063520871143
703,32,2011,0.052613941019
704,32,2011,0.025746050322
706,32,2011,0.107421875
707,32,2011,0.0468914647
708,32,2011,0
709,32,2011,0.11384615385
710,32,2011,0.073294018534
711,32,2011,0.041165587419
712,32,2011,0.037135278515
713,32,2011,0.048575253395
715,32,2011,0.16555183946
723,32,2011,0.050664903958
724,32,2011,0.080591420242
726,32,2011,0.048417508418
731,32,2011,0.18492602959
732,32,2011,0.15021262676
733,32,2011,0.15057639459
734,32,2011,0.25694128357
735,32,2011,0.13877452168
736,32,2011,0.19976019185
737,32,2011,0.18717948718
738,32,2011,0.20567194686
739,32,2011,0.13979286052
740,32,2011,0.2321558366
741,32,2011,0.2357584809
742,32,2011,0.17947056646
743,32,2011,0.091816700781
744,32,2011,0.13334613354
745,32,2011,0.14591402629
746,32,2011,0.17649640643
747,32,2011,0.17539446604
748,32,2011,0.18227756723
749,32,2011,0.19269464334
750,32,2011,0.15650557621
751,32,2011,0.17783064146
754,32,2011,0.23376623377
755,32,2011,0.21974958427
756,32,2011,0.17696740074
761,32,2011,0.15066435586
762,32,2011,0.1416571559
763,32,2011,0.23345958102
766,32,2011,0.11290667808
767,32,2011,0.22534315062
768,32,2011,0.16694699518
769,32,2011,0.16836537221
770,32,2011,0.13992244
782,32,2011,0.2128580946
783,32,2011,0.16638044247
784,32,2011,0.18241890268
785,32,2011,0.16016268534
786,32,2011,0.24872198191
791,32,2011,0.16178826271
792,32,2011,0.16024085947
793,32,2011,0.094410706253
794,32,2011,0.17999630018
841,32,2011,0.14483838497
842,32,2011,0.098634812287
843,32,2011,0.15071953949
852,32,2011,0.14361498146
853,32,2011,0.1332791802
855,32,2011,0.14695395629
861,32,2011,0.1584633514
863,32,2011,0.15126507663
865,32,2011,0.17178502879
866,32,2011,0.15253609774
867,32,2011,0.17125418861
869,32,2011,0.15174969123
870,32,2011,0.13992797119
872,32,2011,0.15229712609
873,32,2011,0.19985800497
874,32,2011,0.16022944551
875,32,2011,0.2169365722
876,32,2011,0.15824742268
879,32,2011,0.17258288492
880,32,2011,0.17494860352
881,32,2011,0.2000404122
883,32,2011,0.18275753628
884,32,2011,0.21984158416
885,32,2011,0.15678884387
886,32,2011,0.13450360835
888,32,2011,0.17974061039
901,32,2011,0.14465638035
902,32,2011,0.16035776497
903,32,2011,0.17570251426
904,32,2011,0.11545238642
905,32,2011,0.21615245849
906,32,2011,0.13415511967
907,32,2011,0.18196925634
908,32,2011,0.16729036729
909,32,2011,0.30844990009
921,32,2011,0.13734679164
922,32,2011,0.15522263837
923,32,2011,0.11692453053
924,32,2011,0.11597374179
925,32,2011,0.14078822412
927,32,2011,0.12292524647
928,32,2011,0.17092962381
929,32,2011,0.16857248248
931,32,2011,0.11424638679
932,32,2011,0.050554203839
934,32,2011,0.1675261184
935,32,2011,0.070823976507
936,32,2011,0.17279411765
937,32,2011,0.16728002676
938,32,2011,0.15088693395
939,32,2011,0.15499687387
940,32,2011,0.062895927602
941,32,2011,0.14057452948
942,32,2011,0.16086726133
943,32,2011,0.13150463897
944,32,2011,0.15805565042
945,32,2011,0.13311439518
946,32,2011,0.10420979986
947,32,2011,0.17975937721
948,32,2011,0.13054800725
951,32,2011,0.12799226243
952,32,2011,0.17700246598
953,32,2011,0.15968826406
954,32,2011,0.16913299624
955,32,2011,0.17034700315
956,32,2011,0.2208223429
957,32,2011,0.19627731202
958,32,2011,0.17619096828
959,32,2011,0.1359904208
960,32,2011,0.17381940013
971,32,2011,0.18821881451
972,32,2011,0.18518518519
973,32,2011,0.19457579972
975,32,2011,0.10644007156
976,32,2011,0.16136752137
977,32,2011,0.23602847947
978,32,2011,0.22374429224
979,32,2011,0.19353528516
980,32,2011,0.17153823443
981,32,2011,0.11751593357
982,32,2011,0.1607832864
983,32,2011,0.13965517241
985,32,2011,0.19582881907
987,32,2011,0.13523195415
988,32,2011,0.25865489217
989,32,2011,0.17342865101
990,32,2011,0.097060454798
991,32,2011,0.21095780844
992,32,2011,0.15969770521
993,32,2011,0.16495117445
995,32,2011,0.15350032113
996,32,2011,0.10062893082
1001,32,2011,0.002417962003
1002,32,2011,0.009208654638
1004,32,2011,0.010853104493
1005,32,2011,0.007631612987
1007,32,2011,0.002131060202
1008,32,2011,0.008937873554
1009,32,2011,0.015244317408
1010,32,2011,0.0111834962
1021,32,2011,0.02684947158
1022,32,2011,0.039130434783
1023,32,2011,0.016536964981
1024,32,2011,0.029000840153
1025,32,2011,0.024334847502
1026,32,2011,0.016336742954
1030,32,2011,0.020844931032
1031,32,2011,0.023303947873
1032,32,2011,0.013818516813
1033,32,2011,0.025443330763
1037,32,2011,0.033040120146
1039,32,2011,0.022437841116
1040,32,2011,0.031442217237
1041,32,2011,0.004282655246
1051,32,2011,0.01890656253
1052,32,2011,0.034101000533
1053,32,2011,0.043911637931
1054,32,2011,0.026695383569
1055,32,2011,0.047215496368
1056,32,2011,0.01711136891
1057,32,2011,0.007149240393
1058,32,2011,0.033170330621
1059,32,2011,0.026975942962
1061,32,2011,0.020244751208
1062,32,2011,0.011390983475
1063,32,2011,0.023374385121
1064,32,2011,0.037468585789
1065,32,2011,0.030129124821
1066,32,2011,0.011542497377
1067,32,2011,0.022016732717
1068,32,2011,0.043501903208
1069,32,2011,0.028085685141
1081,32,2011,0.019621048851
1082,32,2011,0.01653555948
1083,32,2011,0.015598650927
1084,32,2011,0.033017513638
1085,32,2011,0.025574272588
1086,32,2011,0.015487651737
1088,32,2011,0.03156264888
1089,32,2011,0.021451509313
1091,32,2011,0.008140262993
1093,32,2011,0.023495646252
1094,32,2011,0.029554263566
1095,32,2011,0.016920842411
1097,32,2011,0.018972500533
1098,32,2011,0.015838706071
1099,32,2011,0.016950748658
1100,32,2011,0.011326269638
1102,32,2011,0.019765988867
1103,32,2011,0.022295438552
1104,32,2011,0.021440634408
1107,32,2011,0.011705685619
1121,32,2011,0.011657374557
1122,32,2011,0.013524057217
1123,32,2011,0.019434628975
1125,32,2011,0.019136495186
1126,32,2011,0.008534136546
1127,32,2011,0.021276595745
1128,32,2011,0.01392992824
1129,32,2011,0.019805545553
1130,32,2011,0.009850830284
1131,32,2011,0.004337050805
1132,32,2011,0.011297839288
1135,32,2011,0.012098230408
1136,32,2011,0.009698094114
1137,32,2011,0.012826961771
1139,32,2011,0.025428060312
1140,32,2011,0.028432873915
1142,32,2011,0.022847100176
1143,32,2011,0.020156489199
1145,32,2011,0.016327788047
1146,32,2011,0.012108399001
1147,32,2011,0.024946543122
1150,32,2011,0.015373244642
1151,32,2011,0.014316526523
1301,32,2011,0.024629340616
1311,32,2011,0.042149631191
1321,32,2011,0.043717670616
1322,32,2011,0.046545682757
1323,32,2011,0.053682764451
1331,32,2011,0.039353132878
1341,32,2011,0.044492883703
1342,32,2011,0.035062865238
1343,32,2011,0.024390243902
1344,32,2011,0.041992636908
1345,32,2011,0.038725796377
1346,32,2011,0.047210849539
1347,32,2011,0.044621749409
1348,32,2011,0.045
1349,32,2011,0.030201342282
1361,32,2011,0.023002421308
1362,32,2011,0.031573834197
1363,32,2011,0.040799333888
1364,32,2011,0.030170968823
1365,32,2011,0.033172496984
1366,32,2011,0.016457680251
1367,32,2011,0.019962335217
1368,32,2011,0.006428571429
1369,32,2011,0
1370,32,2011,0.014456316782
1371,32,2011,0.029433406917
1372,32,2011,0.021987476698
1373,32,2011,0.035822183858
1374,32,2011,0.020933977456
1375,32,2011,0.013496547395
1630,32,2011,0.66478217493
1631,32,2011,0.60287267081
1632,32,2011,0.57654226961
2004,32,2011,0.013245033113
2005,32,2011,0.026858213616
2008,32,2011,0.033333333333
2009,32,2011,0
2010,32,2011,0.02746365105
2011,32,2011,0.006260671599
2013,32,2011,0.011764705882
2014,32,2011,0.001601281025
2015,32,2011,0.00765207284
2016,32,2011,0.007393715342
2022,32,2011,0.04754601227
2024,32,2011,0.002913328478
2025,32,2011,0.004523026316
2027,32,2011,0.026856240126
2029,32,2011,0.012076172782
2033,32,2011,0.007109004739
2034,32,2011,0.003673769287
2035,32,2011,0
2038,32,2011,0
2039,32,2011,0.001043841336
2040,32,2011,0.001748251748
2041,32,2011,0.007523716061
2043,32,2011,0.001718213058
2044,32,2011,0
2045,32,2011,0
2047,32,2011,0.014827018122
2049,32,2011,0
2050,32,2011,0.005351681957
2051,32,2011,0.021239705245
2052,32,2011,0.024054982818
2061,32,2011,0
2063,32,2011,0.010218978102
2066,32,2011,0
2067,32,2011,0.00989010989
2068,32,2011,0.013904338154
2072,32,2011,0
2079,32,2011,0
2086,32,2011,0.000810372771
2087,32,2011,0.002192021043
2089,32,2011,0.022988505747
2096,32,2011,0.005463752665
2097,32,2011,0.009608277901
2099,32,2011,0.004548555834
2102,32,2011,0.005801810165
2111,32,2011,0.005694261936
2113,32,2011,0.006498027385
2114,32,2011,0.009084556254
2115,32,2011,0.006301502666
2116,32,2011,0.000472813239
2121,32,2011,0.009465648855
2122,32,2011,0.005373303167
2123,32,2011,0.003577817531
2124,32,2011,0.003659429129
2125,32,2011,0.005856563277
2128,32,2011,0.055205047319
2129,32,2011,0.015598885794
2130,32,2011,0.006518904824
2131,32,2011,0.011392405063
2134,32,2011,0.008625646924
2135,32,2011,0.010800196367
2137,32,2011,0
2138,32,2011,0.034057545508
2140,32,2011,0.005993150685
2143,32,2011,0.010332103321
2145,32,2011,0.012830188679
2147,32,2011,0.005351681957
2148,32,2011,0.002398604448
2149,32,2011,0.011044176707
2152,32,2011,0.00627044711
2153,32,2011,0.023103581055
2155,32,2011,0.000431220354
2160,32,2011,0.009300162753
2162,32,2011,0.007260992336
2163,32,2011,0.005742126327
2171,32,2011,0.010514018692
2172,32,2011,0.006666666667
2173,32,2011,0.007765830346
2174,32,2011,0.009027081244
2175,32,2011,0.013209144793
2177,32,2011,0.006346328196
2179,32,2011,0
2183,32,2011,0.005793952562
2184,32,2011,0.029399412012
2185,32,2011,0.00131061599
2186,32,2011,0.010317787866
2189,32,2011,0.013110846246
2192,32,2011,0.002647603918
2194,32,2011,0.003490401396
2196,32,2011,0.009912779908
2197,32,2011,0.010696227149
2198,32,2011,0.009812167087
2200,32,2011,0.00505334082
2206,32,2011,0.016585427613
2208,32,2011,0.014035087719
2211,32,2011,0.008304940375
2213,32,2011,0
2216,32,2011,0.017156862745
2217,32,2011,0.017857142857
2220,32,2011,0.011138014528
2221,32,2011,0.008896797153
2222,32,2011,0.004014823965
2223,32,2011,0.011127596439
2225,32,2011,0.005050505051
2226,32,2011,0.003241895262
2228,32,2011,0.008735480215
2230,32,2011,0.008163265306
2231,32,2011,0.035347043702
2233,32,2011,0.005805203182
2234,32,2011,0.00301617768
2235,32,2011,0.01239157373
2243,32,2011,0.026451138868
2250,32,2011,0.068745003997
2251,32,2011,0.055925432756
2254,32,2011,0.020104895105
2257,32,2011,0.090425531915
2258,32,2011,0.058432934927
2259,32,2011,0.10537334264
2260,32,2011,0.081325301205
2261,32,2011,0.069498069498
2262,32,2011,0.058474866066
2264,32,2011,0.097103918228
2265,32,2011,0.027092511013
2266,32,2011,0.075832742736
2270,32,2011,0.057993730408
2271,32,2011,0.081792717087
2272,32,2011,0.015727871251
2274,32,2011,0.054871220605
2275,32,2011,0.054380864279
2276,32,2011,0.066666666667
2277,32,2011,0.099641577061
2278,32,2011,0.070327552987
2279,32,2011,0.017194570136
2280,32,2011,0.053345596689
2281,32,2011,0.071446995099
2283,32,2011,0.035071090047
2291,32,2011,0.017063566473
2292,32,2011,0.024296675192
2293,32,2011,0.036274925753
2294,32,2011,0.024861878453
2295,32,2011,0.067812463463
2296,32,2011,0.038406006353
2298,32,2011,0.036697247706
2299,32,2011,0.019555120997
2300,32,2011,0.036502929247
2301,32,2011,0.029888368743
2302,32,2011,0.017219503353
2303,32,2011,0.015144958892
2304,32,2011,0.017304964539
2305,32,2011,0.023792357606
2306,32,2011,0.016913319239
2307,32,2011,0.014011078527
2308,32,2011,0.04262295082
2309,32,2011,0.046423135464
2310,32,2011,0.04146100691
2321,32,2011,0.013390258102
2323,32,2011,0.0135
2325,32,2011,0.005931198102
2328,32,2011,0.003346346905
2333,32,2011,0.002888781897
2335,32,2011,0.013406156902
2336,32,2011,0.004834510971
2337,32,2011,0.007009345794
2338,32,2011,0.006861063465
2401,32,2011,0.036766987279
2402,32,2011,0.045929592959
2403,32,2011,0.018023617154
2404,32,2011,0.032901103155
2405,32,2011,0.031430934657
2406,32,2011,0.03840877915
2407,32,2011,0.039939106295
2408,32,2011,0.030804522366
2421,32,2011,0.046614872364
2422,32,2011,0.035952586545
2423,32,2011,0.027777777778
2424,32,2011,0.013793103448
2425,32,2011,0.057867360208
2426,32,2011,0.029700942237
2427,32,2011,0.023067173638
2428,32,2011,0.016478111166
2429,32,2011,0.030593881224
2445,32,2011,0.074388947928
2455,32,2011,0.052115812918
2456,32,2011,0.064026958719
2457,32,2011,0.077009682504
2461,32,2011,0.10295151089
2463,32,2011,0.1
2464,32,2011,0.053000779423
2465,32,2011,0.067488561261
2471,32,2011,0.072476272649
2472,32,2011,0.027890056589
2473,32,2011,0.043873995591
2474,32,2011,0.027947154472
2475,32,2011,0.023314606742
2476,32,2011,0.046370702147
2477,32,2011,0.077673545966
2478,32,2011,0.030599125739
2479,32,2011,0.03377016129
2480,32,2011,0.028582317073
2481,32,2011,0.045227606461
2491,32,2011,0.035069075452
2492,32,2011,0.0756718529
2493,32,2011,0.045828008034
2495,32,2011,0.038049303323
2497,32,2011,0.036783042394
2498,32,2011,0.03488372093
2499,32,2011,0.037496220139
2500,32,2011,0.025815342214
2501,32,2011,0.026830377444
2502,32,2011,0.035868005739
2503,32,2011,0.043035395977
2511,32,2011,0.065523059618
2513,32,2011,0.048408415024
2514,32,2011,0.082222222222
2516,32,2011,0.035741678171
2517,32,2011,0.041402908469
2518,32,2011,0.048438207334
2519,32,2011,0.041015380768
2520,32,2011,0.03560371517
2523,32,2011,0.042906841902
2524,32,2011,0.022613065327
2525,32,2011,0.066091098541
2526,32,2011,0.067081604426
2527,32,2011,0.064480741102
2528,32,2011,0.051671732523
2529,32,2011,0.039927404719
2530,32,2011,0.079615048119
2532,32,2011,0.046798395484
2534,32,2011,0.054402024261
2535,32,2011,0.057813911472
2541,32,2011,0.1
2542,32,2011,0.05072398597
2543,32,2011,0.065796937039
2544,32,2011,0.033659066232
2545,32,2011,0.043238993711
2546,32,2011,0.064867186941
2547,32,2011,0.081096196868
2548,32,2011,0.0395
2549,32,2011,0.005714285714
2550,32,2011,0.035850253807
2551,32,2011,0.058036677454
2553,32,2011,0.050476724621
2554,32,2011,0.040334481062
2555,32,2011,0.024628616106
2556,32,2011,0.079884756417
2571,32,2011,0.039406053684
2572,32,2011,0.04111866969
2573,32,2011,0.034804952114
2574,32,2011,0.079831932773
2575,32,2011,0.074403369209
2576,32,2011,0.03881843489
2578,32,2011,0.05320855615
2579,32,2011,0.055586232284
2580,32,2011,0.04953854506
2581,32,2011,0.029222872766
2582,32,2011,0.053271028037
2583,32,2011,0.040487280545
2584,32,2011,0.020600858369
2585,32,2011,0.064997018485
2586,32,2011,0.043952967525
2601,32,2011,0.030556251281
2611,32,2011,0.02668360864
2612,32,2011,0.00814995925
2613,32,2011,0.037649219467
2614,32,2011,0.024640209333
2615,32,2011,0.017235056839
2616,32,2011,0.027777777778
2617,32,2011,0.034031413613
2618,32,2011,0.062012142238
2619,32,2011,0.030229325921
2620,32,2011,0.039175257732
2621,32,2011,0.019930141771
2622,32,2011,0.022727272727
2701,32,2011,0.022202056333
2702,32,2011,0.016759776536
2703,32,2011,0.02231534835
2761,32,2011,0.068690180318
2762,32,2011,0.055561240151
2763,32,2011,0.053232294883
2764,32,2011,0.060295277809
2765,32,2011,0.055160592351
2766,32,2011,0.055260243632
2767,32,2011,0.063541336712
2768,32,2011,0.0681164055
2769,32,2011,0.061736283044
2770,32,2011,0.056529156328
2771,32,2011,0.056020237464
2772,32,2011,0.072615092549
2773,32,2011,0.073312579937
2774,32,2011,0.069059271343
2775,32,2011,0.05799119576
2781,32,2011,0.068306010929
2782,32,2011,0.061735585323
2783,32,2011,0.13162705667
2784,32,2011,0.06111757858
2785,32,2011,0.055874840358
2786,32,2011,0.043623144502
2787,32,2011,0.040989592843
2788,32,2011,0.021642266073
2789,32,2011,0.044634377968
2790,32,2011,0.083870967742
2791,32,2011,0.056623058054
2792,32,2011,0.025185185185
2793,32,2011,0.064632885212
2821,32,2011,0.10545742157
2822,32,2011,0.0813771518
2823,32,2011,0.073905524711
2824,32,2011,0.061048786851
2825,32,2011,0.057229592984
2826,32,2011,0.074948665298
2827,32,2011,0.063063063063
2828,32,2011,0.06162464986
2829,32,2011,0.058047405934
2830,32,2011,0.068436117616
2831,32,2011,0.066669481507
2832,32,2011,0.047619047619
2833,32,2011,0.072555205047
2834,32,2011,0.071883101579
2841,32,2011,0.062545454545
2842,32,2011,0.060939483707
2843,32,2011,0.071389042612
2844,32,2011,0.066429418743
2845,32,2011,0.097171863669
2846,32,2011,0.052386576808
2847,32,2011,0.057068741894
2848,32,2011,0.066848567531
2849,32,2011,0.071062740077
2850,32,2011,0.11346548189
2851,32,2011,0.12361623616
2852,32,2011,0.07697044335
2853,32,2011,0.062180243998
2854,32,2011,0.092664092664
2855,32,2011,0.080265095729
2856,32,2011,0.065841895576
2857,32,2011,0.072605247102
2858,32,2011,0.092415871421
2859,32,2011,0.11186903138
2860,32,2011,0.067965023847
2861,32,2011,0.062049154165
2862,32,2011,0.11986531987
2863,32,2011,0.14077860794
2864,32,2011,0.051383399209
2865,32,2011,0.06867523261
2866,32,2011,0.073630136986
2867,32,2011,0.10563380282
2868,32,2011,0.11187845304
2869,32,2011,0.089804186361
2881,32,2011,0.042294322132
2882,32,2011,0.10182623132
2883,32,2011,0.093180635086
2884,32,2011,0.10981486178
2885,32,2011,0.084962913014
2886,32,2011,0.088888888889
2887,32,2011,0.067019400353
2888,32,2011,0.067725752508
2889,32,2011,0.094188376754
2890,32,2011,0.18009478673
2891,32,2011,0.075952995128
2892,32,2011,0.067965023847
2893,32,2011,0.067253803042
2894,32,2011,0.071525885559
2895,32,2011,0.040816326531
3201,32,2011,0.03644773358
3202,32,2011,0.049714751426
3203,32,2011,0.027159704636
3204,32,2011,0.039305998061
3211,32,2011,0.03046458492
3212,32,2011,0.043341133381
3213,32,2011,0.038437814499
3214,32,2011,0.027523977073
3215,32,2011,0.023146510335
3216,32,2011,0.026989119347
3217,32,2011,0.035967038294
3218,32,2011,0.052221800228
3219,32,2011,0.019695193435
3231,32,2011,0.030240767083
3232,32,2011,0.030782282009
3233,32,2011,0.033139369855
3234,32,2011,0.029978245875
3235,32,2011,0.028938559551
3236,32,2011,0.032035524542
3237,32,2011,0.028209419077
3238,32,2011,0.028578309384
3251,32,2011,0.02772132347
3252,32,2011,0.033320711852
3253,32,2011,0.023515805705
3254,32,2011,0.024284721784
3255,32,2011,0.02717177286
3256,32,2011,0.015093435553
3271,32,2011,0.051912651986
3272,32,2011,0.041509116881
3273,32,2011,0.044465505667
3274,32,2011,0.058111860373
3275,32,2011,0.046287738755
3276,32,2011,0.048188653452
3291,32,2011,0.096322737832
3292,32,2011,0.052445688391
3293,32,2011,0.047939955286
3294,32,2011,0.071347861178
3295,32,2011,0.046298086217
3296,32,2011,0.04306912776
3297,32,2011,0.053716798384
3298,32,2011,0.046903028385
3311,32,2011,0.046397840391
3312,32,2011,0.046918835252
3313,32,2011,0.047206866453
3315,32,2011,0.03843039093
3316,32,2011,0.064243448859
3338,32,2011,0.02665142053
3339,32,2011,0.048521103357
3340,32,2011,0.046949259342
3341,32,2011,0.038781770377
3342,32,2011,0.05173992674
3352,32,2011,0.046698564593
3359,32,2011,0.046568842808
3360,32,2011,0.035489641641
3372,32,2011,0.05751920966
3374,32,2011,0.035591589941
3375,32,2011,0.044385026738
3378,32,2011,0.03513681592
3379,32,2011,0.046057022981
3392,32,2011,0.039273369126
3393,32,2011,0.026751592357
3394,32,2011,0.017483740122
3395,32,2011,0.032745726496
3401,32,2011,0.033670994436
3402,32,2011,0.030481335005
3405,32,2011,0.043913603204
3407,32,2011,0.04749661705
3408,32,2011,0.045710577547
3422,32,2011,0.03310323188
3423,32,2011,0.038282768529
3424,32,2011,0.030381999619
3426,32,2011,0.040635020764
3427,32,2011,0.039774283027
3441,32,2011,0.025562246528
3442,32,2011,0.029816788409
3443,32,2011,0.039399800349
3444,32,2011,0.035153167372
3501,32,2011,0.33189655172
3502,32,2011,0.07650273224
3503,32,2011,0.25142857143
3504,32,2011,0.24409448819
3505,32,2011,0.23695652174
3506,32,2011,0.18817339013
3511,32,2011,0.30409356725
3512,32,2011,0.1775147929
3513,32,2011,0.25912838634
3514,32,2011,0.25316455696
3515,32,2011,0.24438202247
3521,32,2011,0.2150997151
3522,32,2011,0.27497527201
3531,32,2011,0.17716535433
3532,32,2011,0.19672131148
3533,32,2011,0.34736842105
3534,32,2011,0.15942028986
3536,32,2011,0.14355231144
3538,32,2011,0.22869955157
3539,32,2011,0.20836189171
3540,32,2011,0.26543209877
3541,32,2011,0.29943502825
3551,32,2011,0.038925438596
3561,32,2011,0.058823529412
3572,32,2011,0.12836767036
3575,32,2011,0.18252933507
3581,32,2011,0.16449814126
3582,32,2011,0.23019431988
3598,32,2011,0
3603,32,2011,0.21160609613
3611,32,2011,0.10373443983
3612,32,2011,0.13320586361
3616,32,2011,0.29001584786
3617,32,2011,0.20033388982
3618,32,2011,0.11925976696
3619,32,2011,0.15352592406
3631,32,2011,0.24411134904
3633,32,2011,0.30260869565
3634,32,2011,0.21237864078
3635,32,2011,0.27894736842
3636,32,2011,0.22093023256
3637,32,2011,0.30565371025
3638,32,2011,0.19358741682
3640,32,2011,0.31134173462
3661,32,2011,0.24982357092
3662,32,2011,0.35604395604
3663,32,2011,0.29131985731
3668,32,2011,0.25122161541
3669,32,2011,0.58823529412
3670,32,2011,0.478125
3671,32,2011,0.27464788732
3672,32,2011,0.44141252006
3681,32,2011,0.35691318328
3691,32,2011,0.82142857143
3693,32,2011,0.41218637993
3694,32,2011,0.34988452656
3695,32,2011,0.52312138728
3701,32,2011,0.4049247606
3703,32,2011,0.41836734694
3705,32,2011,0.53767123288
3707,32,2011,0.33333333333
3708,32,2011,0.67716535433
3711,32,2011,0.27956989247
3712,32,2011,0.39103554869
3713,32,2011,0.48571428571
3721,32,2011,0.14567792892
3722,32,2011,0.15919612795
3723,32,2011,0.23081841432
3731,32,2011,0.31540162122
3732,32,2011,0.23468152095
3733,32,2011,0.18577777778
3734,32,2011,0.20502645503
3741,32,2011,0.40147058824
3742,32,2011,0.30285714286
3743,32,2011,0.32220039293
3744,32,2011,0.39453125
3745,32,2011,0.446875
3746,32,2011,0.25573921028
3752,32,2011,0.2700729927
3761,32,2011,0.37471264368
3762,32,2011,0.4316362472
3763,32,2011,0.3016372796
3764,32,2011,0.36344969199
3781,32,2011,0.14832535885
3782,32,2011,0.19287634409
3783,32,2011,0.16231884058
3784,32,2011,0.21428571429
3785,32,2011,0.27252985885
3786,32,2011,0.22071181414
3787,32,2011,0.12259059368
3788,32,2011,0.26746166951
3789,32,2011,0.21454112038
3790,32,2011,0.14708520179
3791,32,2011,0.20633934121
3792,32,2011,0.23540063377
3801,32,2011,0.17037037037
3803,32,2011,0.3
3804,32,2011,0.066147859922
3805,32,2011,0.025352112676
3806,32,2011,0.37333333333
3808,32,2011,0.15909090909
3810,32,2011,0.12096774194
3811,32,2011,0.061538461538
3821,32,2011,0.11658653846
3822,32,2011,0.12994772218
3823,32,2011,0.19912472648
3831,32,2011,0.15473441109
3832,32,2011,0.1141439206
3833,32,2011,0.014184397163
3834,32,2011,0.055293005671
3835,32,2011,0.14355828221
3836,32,2011,0.033816425121
3847,32,2011,0.23956565999
3851,32,2011,0.23494999056
3861,32,2011,0.26463963964
3862,32,2011,0.38028169014
3863,32,2011,0.27909669948
3871,32,2011,0.24262397991
3881,32,2011,0.19335347432
3882,32,2011,0.2201426025
3883,32,2011,0.20331186753
3891,32,2011,0.23245002325
3893,32,2011,0.26080246914
3901,32,2011,0.18236970841
3911,32,2011,0.20230473752
3921,32,2011,0.28837998304
3926,32,2011,0.21815889029
3932,32,2011,0.36538461538
3941,32,2011,0.24653579677
3945,32,2011,0.19360234163
3946,32,2011,0.18015503876
3947,32,2011,0.22863534676
3951,32,2011,0.18403361345
3952,32,2011,0.1849082257
3953,32,2011,0.22057388249
3954,32,2011,0.19202982988
3955,32,2011,0.18345257751
3961,32,2011,0.22298349424
3962,32,2011,0.23698781838
3972,32,2011,0.26873126873
3981,32,2011,0.096688237533
3982,32,2011,0.08729968907
3983,32,2011,0.092088197147
3985,32,2011,0.059756920999
3986,32,2011,0.10514865845
3987,32,2011,0.080377189044
4001,32,2011,0.048855425114
4002,32,2011,0.078004856333
4003,32,2011,0.061905822935
4004,32,2011,0.084400465658
4005,32,2011,0.057672179192
4006,32,2011,0.081411468179
4007,32,2011,0.044950213371
4008,32,2011,0.061559591027
4009,32,2011,0.084899939357
4010,32,2011,0.071231758343
4012,32,2011,0.047196299168
4013,32,2011,0.067244637101
4021,32,2011,0.034675094256
4022,32,2011,0.061116844399
4023,32,2011,0.11505536794
4024,32,2011,0.071003660769
4026,32,2011,0.027299733661
4027,32,2011,0.066953520261
4028,32,2011,0.055598307041
4029,32,2011,0.054500889124
4030,32,2011,0.049566294919
4031,32,2011,0.075524833589
4032,32,2011,0.055386949924
4033,32,2011,0.064932249322
4034,32,2011,0.06609039269
4035,32,2011,0.084082438062
4037,32,2011,0.076335536895
4038,32,2011,0.056582739681
4039,32,2011,0.065962027794
4040,32,2011,0.064467005076
4041,32,2011,0.050898596353
4042,32,2011,0.040218664584
4044,32,2011,0.047965208558
4045,32,2011,0.044515921518
4046,32,2011,0.090303786933
4047,32,2011,0.045606457916
4048,32,2011,0.064700982842
4049,32,2011,0.069066354743
4061,32,2011,0.085247747748
4062,32,2011,0.061270271533
4063,32,2011,0.058079712391
4064,32,2011,0.086349060925
4065,32,2011,0.042906686023
4066,32,2011,0.078153988868
4067,32,2011,0.066863905325
4068,32,2011,0.067998914911
4071,32,2011,0.064721369022
4072,32,2011,0.049304102611
4073,32,2011,0.066058321762
4074,32,2011,0.062248685431
4075,32,2011,0.076214503638
4076,32,2011,0.077959325569
4077,32,2011,0.072624028691
4078,32,2011,0.055132227701
4079,32,2011,0.065314966723
4080,32,2011,0.058257059819
4081,32,2011,0.069781708502
4082,32,2011,0.047619965683
4083,32,2011,0.060714989167
4084,32,2011,0.068661971831
4091,32,2011,0.078100705657
4092,32,2011,0.075054985337
4093,32,2011,0.10024449878
4094,32,2011,0.041861918151
4095,32,2011,0.050183863292
4096,32,2011,0.071874071874
4097,32,2011,0.088827203331
4099,32,2011,0.057177989548
4100,32,2011,0.087685084868
4104,32,2011,0.088238380023
4105,32,2011,0.074230537115
4106,32,2011,0.082261029412
4107,32,2011,0.048873692679
4110,32,2011,0.056073264781
4111,32,2011,0.070554355652
4112,32,2011,0.12385039853
4113,32,2011,0.067319461444
4114,32,2011,0.061067111296
4117,32,2011,0.082431102362
4120,32,2011,0.075267175573
4121,32,2011,0.06247431155
4122,32,2011,0.086152032999
4123,32,2011,0.046499367356
4124,32,2011,0.056883061958
4125,32,2011,0.07204264099
4131,32,2011,0.061496303849
4132,32,2011,0.055645306049
4133,32,2011,0.032673267327
4134,32,2011,0.02850391375
4135,32,2011,0.059676129548
4136,32,2011,0.066000713521
4137,32,2011,0.062077702703
4138,32,2011,0.036551724138
4139,32,2011,0.064049466254
4140,32,2011,0.058396841429
4141,32,2011,0.049473640411
4142,32,2011,0.090815802976
4143,32,2011,0.061809726797
4144,32,2011,0.051312785388
4145,32,2011,0.049496013239
4146,32,2011,0.057347368421
4147,32,2011,0.079260651629
4161,32,2011,0.10432766615
4163,32,2011,0.06088295178
4164,32,2011,0.038525963149
4165,32,2011,0.065529010239
4166,32,2011,0.079395342503
4167,32,2011,0.070891514501
4169,32,2011,0.050944809789
4170,32,2011,0.06311513826
4172,32,2011,0.10767326733
4173,32,2011,0.098619993268
4175,32,2011,0.052583447645
4176,32,2011,0.0466562986
4177,32,2011,0.077433104428
4179,32,2011,0.050372654845
4181,32,2011,0.083320257336
4182,32,2011,0.059210526316
4183,32,2011,0.071939736347
4184,32,2011,0.070538243626
4191,32,2011,0.061714285714
4192,32,2011,0.047546979443
4193,32,2011,0.085214626391
4194,32,2011,0.077807486631
4195,32,2011,0.095433166439
4196,32,2011,0.088170865279
4197,32,2011,0.066562009419
4198,32,2011,0.066908161091
4199,32,2011,0.058650162098
4200,32,2011,0.064050104384
4201,32,2011,0.038610511865
4202,32,2011,0.099890829694
4203,32,2011,0.064706737056
4204,32,2011,0.056635409551
4205,32,2011,0.062270334691
4206,32,2011,0.07163803938
4207,32,2011,0.064920755996
4208,32,2011,0.075951997506
4209,32,2011,0.057955892815
4210,32,2011,0.046097701517
4221,32,2011,0.049851190476
4222,32,2011,0.078402366864
4223,32,2011,0.06556372549
4224,32,2011,0.072099747018
4226,32,2011,0.094637223975
4227,32,2011,0.14527363184
4228,32,2011,0.053094202255
4229,32,2011,0.06616188931
4230,32,2011,0.064649243466
4231,32,2011,0.066931479643
4232,32,2011,0.076137418756
4233,32,2011,0.091700819672
4234,32,2011,0.056563011457
4235,32,2011,0.057718380786
4236,32,2011,0.052183313133
4237,32,2011,0.060630299152
4238,32,2011,0.081780538302
4239,32,2011,0.061013137649
4240,32,2011,0.060595915634
4251,32,2011,0.061088295688
4252,32,2011,0.079910606427
4253,32,2011,0.095036422158
4254,32,2011,0.071829762594
4255,32,2011,0.099518941672
4256,32,2011,0.056094929881
4257,32,2011,0.10457220462
4258,32,2011,0.059750226417
4259,32,2011,0.13062098501
4260,32,2011,0.045951859956
4261,32,2011,0.066717019134
4262,32,2011,0.081767955801
4263,32,2011,0.0747490498
4264,32,2011,0.068565109207
4271,32,2011,0.065748533537
4272,32,2011,0.06962785114
4273,32,2011,0.080675868634
4274,32,2011,0.098843435425
4275,32,2011,0.096031357178
4276,32,2011,0.079000448229
4277,32,2011,0.040620957309
4279,32,2011,0.092869127517
4280,32,2011,0.07901706137
4281,32,2011,0.058557831908
4282,32,2011,0.077107047711
4283,32,2011,0.062148116068
4284,32,2011,0.096903669725
4285,32,2011,0.080585464334
4286,32,2011,0.060161061108
4287,32,2011,0.062766732591
4288,32,2011,0.10690423163
4289,32,2011,0.062518178863
4301,32,2011,0.058639562158
4302,32,2011,0.054509415263
4303,32,2011,0.03972775024
4304,32,2011,0.04899843622
4305,32,2011,0.041903409091
4306,32,2011,0.056657223796
4307,32,2011,0.040696249081
4308,32,2011,0.04356846473
4309,32,2011,0.040148494431
4310,32,2011,0.048289738431
4311,32,2011,0.036013400335
4312,32,2011,0.041964608162
4313,32,2011,0.041217718488
4314,32,2011,0.048595292331
4315,32,2011,0.060901339829
4316,32,2011,0.052698682533
4317,32,2011,0.058702368692
4318,32,2011,0.063248308173
4319,32,2011,0.039373088685
4320,32,2011,0.040701881331
4322,32,2011,0.083373034778
4323,32,2011,0.046537741734
4401,32,2011,0.036178934236
4406,32,2011,0.032304379038
4411,32,2011,0.053692905734
4416,32,2011,0.055260831123
4421,32,2011,0.056020455602
4426,32,2011,0.045066413662
4431,32,2011,0.040705308573
4436,32,2011,0.049313745776
4441,32,2011,0.051797040169
4446,32,2011,0.026041666667
4451,32,2011,0.055712669683
4461,32,2011,0.043530113298
4471,32,2011,0.039508928571
4476,32,2011,0.052127022169
4486,32,2011,0.048911422607
4495,32,2011,0.049961568025
4501,32,2011,0.06108770586
4506,32,2011,0.056884724778
4511,32,2011,0.039341917024
4536,32,2011,0.082934131737
4545,32,2011,0.057909343201
4546,32,2011,0.063340304751
4551,32,2011,0.051187150838
4561,32,2011,0.055541136777
4566,32,2011,0.039989667966
4571,32,2011,0.061398082277
4590,32,2011,0.077841203944
4591,32,2011,0.041818623876
4601,32,2011,0.11197578902
4606,32,2011,0.053809897879
4611,32,2011,0.0664034458
4616,32,2011,0.055935613682
4621,32,2011,0.049763779528
4641,32,2011,0.047531512605
4643,32,2011,0.053757961783
4646,32,2011,0.060948977566
4651,32,2011,0.055374592834
4656,32,2011,0.06634746922
4666,32,2011,0.056924180818
4671,32,2011,0.043497068153
4681,32,2011,0.051470588235
4683,32,2011,0.048178137652
4691,32,2011,0.04126984127
4696,32,2011,0.045185957595
4701,32,2011,0.055805580558
4711,32,2011,0.06669535284
4716,32,2011,0.074503311258
4721,32,2011,0.027057497182
4723,32,2011,0.037013801757
4724,32,2011,0.034865702479
4726,32,2011,0.028739282312
4741,32,2011,0.066876122083
4746,32,2011,0.046215673141
4751,32,2011,0.054397098821
4756,32,2011,0.058513750731
4761,32,2011,0.042349846559
4776,32,2011,0.061015561016
4781,32,2011,0.062622070313
4786,32,2011,0.05620005156
4791,32,2011,0.031161473088
4801,32,2011,0.035116153431
4806,32,2011,0.046554364472
4811,32,2011,0.055287406757
4816,32,2011,0.048540706605
4821,32,2011,0.038881491345
4826,32,2011,0.053908355795
4831,32,2011,0.068526088002
4841,32,2011,0.064662054284
4846,32,2011,0.033826638478
4851,32,2011,0.094915254237
4864,32,2011,0.05968503937
4871,32,2011,0.055652782639
4881,32,2011,0.047566776436
4891,32,2011,0.049114081442
4901,32,2011,0.10415122313
4911,32,2011,0.060324825986
4921,32,2011,0.044608879493
4941,32,2011,0.075341185268
4946,32,2011,0.038550429879
4951,32,2011,0.06843025798
5401,32,2011,0.003519749707
5402,32,2011,0.009592504462
5403,32,2011,0.008893280632
5404,32,2011,0.017057569296
5405,32,2011,0.01187694704
5406,32,2011,0.012250332889
5407,32,2011,0.002096680256
5408,32,2011,0.004319654428
5409,32,2011,0.011731113252
5410,32,2011,0.015866873065
5411,32,2011,0.014057595196
5412,32,2011,0.001379310345
5413,32,2011,0.009429153925
5414,32,2011,0.007951508831
5415,32,2011,0.000917290934
5421,32,2011,0.006817844968
5422,32,2011,0.014962052765
5423,32,2011,0.014330653618
5424,32,2011,0.002971768202
5425,32,2011,0.004882658686
5426,32,2011,0.000968523002
5427,32,2011,0.001961265016
5428,32,2011,0.007859118032
5429,32,2011,0.043148411569
5430,32,2011,0.001723147616
5431,32,2011,0.012311901505
5432,32,2011,0
5434,32,2011,0.009336361342
5435,32,2011,0.001213224143
5436,32,2011,0.003610108303
5437,32,2011,0.013452914798
5451,32,2011,0.013515740893
5456,32,2011,0.021416803954
5458,32,2011,0.024034334764
5464,32,2011,0.024583600256
5471,32,2011,0.010215053763
5472,32,2011,0.024630541872
5473,32,2011,0.000244021474
5474,32,2011,0.004535147392
5475,32,2011,0
5476,32,2011,0.003072196621
5477,32,2011,0.008136094675
5478,32,2011,0.008975928193
5479,32,2011,0.002915451895
5480,32,2011,0.021800281294
5481,32,2011,0
5482,32,2011,0.025736665423
5483,32,2011,0.011592434411
5484,32,2011,0.009302325581
5485,32,2011,0.009571558797
5486,32,2011,0.011309181522
5487,32,2011,0.012935323383
5488,32,2011,0
5489,32,2011,0.009596928983
5490,32,2011,0.011282051282
5491,32,2011,0.038804404824
5492,32,2011,0.003426728482
5493,32,2011,0.002686366689
5494,32,2011,0.004901960784
5495,32,2011,0.006691389874
5496,32,2011,0.010205659502
5497,32,2011,0.007545931759
5498,32,2011,0.007663248786
5499,32,2011,0.007815407518
5500,32,2011,0.000816326531
5501,32,2011,0.006890960681
5503,32,2011,0.006262743956
5511,32,2011,0.012567998499
5512,32,2011,0.005755110141
5513,32,2011,0.000558971492
5514,32,2011,0.005218298835
5515,32,2011,0.004927536232
5516,32,2011,0.012747090338
5518,32,2011,0.003326440708
5520,32,2011,0.008504143044
5521,32,2011,0.001935067727
5522,32,2011,0.006500956023
5523,32,2011,0.017143426692
5527,32,2011,0.000198373339
5529,32,2011,0.015058179329
5530,32,2011,0.007104795737
5531,32,2011,0.000555555556
5533,32,2011,0.003351955307
5534,32,2011,0.003058103976
5535,32,2011,0.00176730486
5537,32,2011,0.007712701856
5539,32,2011,0.001982160555
5540,32,2011,0.0139415268
5541,32,2011,0.001358959425
5551,32,2011,0.000709975151
5552,32,2011,0.013896931094
5553,32,2011,0.0081232493
5554,32,2011,0.012743125419
5555,32,2011,0.008480104371
5556,32,2011,0
5557,32,2011,0.001351351351
5559,32,2011,0.013882863341
5560,32,2011,0
5561,32,2011,0.005054460027
5562,32,2011,0.001607717042
5563,32,2011,0
5564,32,2011,0
5565,32,2011,0.000435919791
5566,32,2011,0.000599520384
5568,32,2011,0.007694101189
5571,32,2011,0.001744765703
5581,32,2011,0.00942215194
5582,32,2011,0.004499503302
5583,32,2011,0.011201120112
5584,32,2011,0.010463162947
5585,32,2011,0.003530657879
5586,32,2011,0.004867492282
5587,32,2011,0.011285154859
5588,32,2011,0.004242424242
5589,32,2011,0.008763462711
5590,32,2011,0.00741088293
5591,32,2011,0.003743794254
5592,32,2011,0.005865695793
5601,32,2011,0.012592529567
5604,32,2011,0.007704622774
5606,32,2011,0.00801301858
5607,32,2011,0.007263094933
5609,32,2011,0.018359375
5610,32,2011,0.002101723413
5611,32,2011,0.009393188498
5613,32,2011,0.005129440925
5621,32,2011,0.019341563786
5622,32,2011,0.005112072355
5623,32,2011,0.00269541779
5624,32,2011,0.005973051813
5625,32,2011,0.001699235344
5627,32,2011,0.005026061057
5628,32,2011,0
5629,32,2011,0.0294599018
5631,32,2011,0.005409791723
5632,32,2011,0.014599661903
5633,32,2011,0.006434552666
5634,32,2011,0.007603041216
5635,32,2011,0.005978784957
5636,32,2011,0.007416804919
5637,32,2011,0.002359108781
5638,32,2011,0.007398273736
5639,32,2011,0.021618771421
5640,32,2011,0.014111006585
5642,32,2011,0.009574627238
5643,32,2011,0.009120039438
5644,32,2011,0.004675324675
5645,32,2011,0.002769230769
5646,32,2011,0.008735338862
5648,32,2011,0.015157353886
5649,32,2011,0.006507874528
5650,32,2011,0.00178412132
5651,32,2011,0.00152578578
5652,32,2011,0.017985611511
5653,32,2011,0.00066830029
5654,32,2011,0.036450662739
5655,32,2011,0.011330194232
5661,32,2011,0.000632911392
5662,32,2011,0
5663,32,2011,0
5665,32,2011,0
5666,32,2011,0.046228710462
5668,32,2011,0.007246376812
5669,32,2011,0.023593466425
5671,32,2011,0.005598320504
5672,32,2011,0.044151820294
5673,32,2011,0.000624609619
5674,32,2011,0.002049180328
5675,32,2011,0.006382224323
5678,32,2011,0.006466416354
5680,32,2011,0
5683,32,2011,0.024128686327
5684,32,2011,0.005847953216
5686,32,2011,0.007042253521
5688,32,2011,0.042824074074
5690,32,2011,0.034528552457
5692,32,2011,0.006972477064
5693,32,2011,0.020457462067
5701,32,2011,0.00843373494
5702,32,2011,0.011479073547
5703,32,2011,0.008285163776
5704,32,2011,0.003692875827
5705,32,2011,0.008070175439
5706,32,2011,0.027736867943
5707,32,2011,0.013888888889
5708,32,2011,0.001648804617
5709,32,2011,0.007327796776
5710,32,2011,0.011111111111
5711,32,2011,0.012298470442
5712,32,2011,0.01729216152
5713,32,2011,0.012236336091
5714,32,2011,0.017259305469
5715,32,2011,0.010562621255
5716,32,2011,0.001096250822
5717,32,2011,0.015005576397
5718,32,2011,0.003444712367
5719,32,2011,0.009343936382
5720,32,2011,0.012453874539
5721,32,2011,0.00926923906
5722,32,2011,0.039913700108
5723,32,2011,0.007275027677
5724,32,2011,0.009366306028
5725,32,2011,0.012916693848
5726,32,2011,0.025017701204
5727,32,2011,0.009347181009
5728,32,2011,0.019764348157
5729,32,2011,0.004132231405
5730,32,2011,0.018283469326
5731,32,2011,0.024518061014
5732,32,2011,0.001744693225
5741,32,2011,0.013513513514
5742,32,2011,0.002375296912
5743,32,2011,0.007903981265
5744,32,2011,0.009838810969
5745,32,2011,0.005688505296
5746,32,2011,0.002701080432
5747,32,2011,0
5748,32,2011,0.003142677561
5749,32,2011,0.001096920787
5750,32,2011,0.000962463908
5751,32,2011,0.001485884101
5752,32,2011,0.002958579882
5754,32,2011,0.003210272873
5755,32,2011,0.031738512553
5756,32,2011,0.007936507937
5757,32,2011,0.004103504876
5758,32,2011,0.002125398512
5759,32,2011,0.02252559727
5760,32,2011,0.004360465116
5761,32,2011,0.000388802488
5762,32,2011,0
5763,32,2011,0.002591512796
5764,32,2011,0.005859529654
5765,32,2011,0.000934288384
5766,32,2011,0.013835877863
5782,32,2011,0.010318331504
5785,32,2011,0.002424242424
5788,32,2011,0.000554323725
5789,32,2011,0.00167879127
5790,32,2011,0.006227466404
5791,32,2011,0.008467400508
5792,32,2011,0.008783487044
5798,32,2011,0.000529380625
5799,32,2011,0.005641579642
5803,32,2011,0.015075376884
5804,32,2011,0.009534583064
5805,32,2011,0.006420686926
5812,32,2011,0
5813,32,2011,0.010071942446
5816,32,2011,0.009673258813
5817,32,2011,0.006168759639
5819,32,2011,0.020571428571
5821,32,2011,0.007692307692
5822,32,2011,0.009268655707
5827,32,2011,0.068484848485
5828,32,2011,0.005141388175
5830,32,2011,0.028846153846
5831,32,2011,0.010066617321
5841,32,2011,0.008799211105
5842,32,2011,0.002110595188
5843,32,2011,0.001069518717
5851,32,2011,0.00236294896
5852,32,2011,0
5853,32,2011,0.027450980392
5854,32,2011,0.001435750179
5855,32,2011,0.001699957501
5856,32,2011,0.013939595088
5857,32,2011,0.002591706539
5858,32,2011,0.002549936252
5859,32,2011,0.009031610637
5860,32,2011,0.001550387597
5861,32,2011,0.005251794363
5862,32,2011,0
5863,32,2011,0.004971590909
5871,32,2011,0.011331444759
5872,32,2011,0.004438700978
5873,32,2011,0.004514187446
5881,32,2011,0.016925353877
5882,32,2011,0.010632459871
5883,32,2011,0.011657374557
5884,32,2011,0.005460336721
5885,32,2011,0.008282364934
5886,32,2011,0.009238087729
5888,32,2011,0.02052692415
5889,32,2011,0.015629231305
5890,32,2011,0.009048571884
5891,32,2011,0.006919457515
5902,32,2011,0.000633312223
5903,32,2011,0
5904,32,2011,0.001869158879
5905,32,2011,0.00704845815
5907,32,2011,0.001800180018
5908,32,2011,0
5909,32,2011,0.010948905109
5910,32,2011,0.001758241758
5911,32,2011,0.003835091083
5912,32,2011,0.00553709856
5913,32,2011,0.022879177378
5914,32,2011,0.001206272618
5915,32,2011,0.008075370121
5919,32,2011,0.004149377593
5921,32,2011,0.014469453376
5922,32,2011,0.001445086705
5923,32,2011,0.024539877301
5924,32,2011,0.012002526848
5925,32,2011,0.000604229607
5926,32,2011,0.013953488372
5928,32,2011,0.003300330033
5929,32,2011,0.00884173298
5930,32,2011,0
5931,32,2011,0.001038421599
5932,32,2011,0.002092050209
5933,32,2011,0.006109979633
5934,32,2011,0.001120448179
5935,32,2011,0
5937,32,2011,0.025469168901
5938,32,2011,0.004311731125
5939,32,2011,0.010859519409
6002,32,2011,0.004759715499
6004,32,2011,0.000709723208
6007,32,2011,0.003806096675
6008,32,2011,0.000606612072
6009,32,2011,0
6010,32,2011,0.007016371534
6011,32,2011,0
6021,32,2011,0.005073477957
6022,32,2011,0.006601386291
6023,32,2011,0.004001215559
6024,32,2011,0.002849783526
6025,32,2011,0.002226640159
6031,32,2011,0.008313539192
6032,32,2011,0
6033,32,2011,0.000400641026
6034,32,2011,0.00171854115
6035,32,2011,0.011811023622
6036,32,2011,0.003621730382
6052,32,2011,0.007705479452
6054,32,2011,0
6055,32,2011,0
6056,32,2011,0.009632751355
6057,32,2011,0.010960906102
6058,32,2011,0
6061,32,2011,0.001180637544
6064,32,2011,0
6073,32,2011,0.009523809524
6074,32,2011,0.008259212198
6075,32,2011,0.009762900976
6076,32,2011,0.013630168105
6081,32,2011,0.001769911504
6082,32,2011,0.003366174056
6083,32,2011,0.007237984945
6084,32,2011,0.009347507331
6087,32,2011,0.002819283902
6089,32,2011,0.005275498242
6090,32,2011,0.003977968176
6101,32,2011,0.00251572327
6102,32,2011,0.003481288077
6104,32,2011,0.004634994206
6109,32,2011,0.034482758621
6110,32,2011,0.004473195238
6111,32,2011,0.004992199688
6112,32,2011,0
6113,32,2011,0.003267973856
6116,32,2011,0.006748709805
6117,32,2011,0.001259445844
6118,32,2011,0.00215285253
6119,32,2011,0.002923319092
6131,32,2011,0.002313284865
6132,32,2011,0.000806885422
6133,32,2011,0.008086766245
6134,32,2011,0.000598444045
6135,32,2011,0.010602742883
6136,32,2011,0.003285776048
6137,32,2011,0.008422056253
6139,32,2011,0.009321669296
6140,32,2011,0.006094282129
6141,32,2011,0.007115489874
6142,32,2011,0
6151,32,2011,0.005847953216
6152,32,2011,0.008731124311
6153,32,2011,0.006250392613
6154,32,2011,0.005217976772
6155,32,2011,0.012444001991
6156,32,2011,0.004836649024
6157,32,2011,0.005634390651
6158,32,2011,0.007908950617
6159,32,2011,0.007648183556
6172,32,2011,0
6173,32,2011,0.006904487917
6177,32,2011,0.000762195122
6181,32,2011,0
6191,32,2011,0.003537735849
6192,32,2011,0
6193,32,2011,0.006690279418
6194,32,2011,0.001084598698
6195,32,2011,0.001964636542
6197,32,2011,0.008493771234
6198,32,2011,0.001675041876
6199,32,2011,0.006776034237
6201,32,2011,0
6202,32,2011,0.000439947206
6203,32,2011,0.003153330706
6204,32,2011,0.004126093415
6205,32,2011,0
6211,32,2011,0.000563380282
6212,32,2011,0.00427167877
6213,32,2011,0.005331556148
6214,32,2011,0.000919117647
6215,32,2011,0.007894125842
6217,32,2011,0.004134731747
6218,32,2011,0.005959137344
6219,32,2011,0.001027326895
6220,32,2011,0.004875670405
6232,32,2011,0.008045433034
6234,32,2011,0.004435136134
6235,32,2011,0.024592592593
6238,32,2011,0.00589198036
6239,32,2011,0.002005347594
6240,32,2011,0.012092017302
6241,32,2011,0.017040843928
6242,32,2011,0.019090909091
6243,32,2011,0.018093249826
6244,32,2011,0.014131647453
6246,32,2011,0.009246417013
6248,32,2011,0.014836138175
6249,32,2011,0.017866390471
6250,32,2011,0.017840550084
6252,32,2011,0.010730968312
6261,32,2011,0.018630136986
6263,32,2011,0.005953013713
6265,32,2011,0.005096839959
6266,32,2011,0.005667531973
6267,32,2011,0.004481792717
6281,32,2011,0.001075268817
6282,32,2011,0
6283,32,2011,0
6285,32,2011,0.00254841998
6286,32,2011,0.000387897595
6287,32,2011,0.005192878338
6288,32,2011,0.003990877993
6289,32,2011,0.003884572697
6290,32,2011,0.015213442325
6291,32,2011,0.00225846926
6292,32,2011,0.005263157895
6293,32,2011,0.004483347566
6294,32,2011,0
6295,32,2011,0.003496503497
6296,32,2011,0.011284255776
6297,32,2011,0.003771084951
6298,32,2011,0.004329856327
6299,32,2011,0
6300,32,2011,0.013396206194
6402,32,2011,0.007804185882
6404,32,2011,0.022383985441
6405,32,2011,0.004807692308
6407,32,2011,0.017522739433
6408,32,2011,0.031851360319
6409,32,2011,0
6410,32,2011,0.009658725048
6411,32,2011,0.002487562189
6412,32,2011,0.029826286463
6413,32,2011,0.0249745158
6414,32,2011,0.00680482524
6415,32,2011,0
6416,32,2011,0.018687430478
6421,32,2011,0.01228921879
6422,32,2011,0
6423,32,2011,0.002767017156
6431,32,2011,0.006150691953
6432,32,2011,0.01506456241
6433,32,2011,0.005244755245
6434,32,2011,0.011363636364
6435,32,2011,0.019607843137
6436,32,2011,0.009069748776
6437,32,2011,0.009353078722
6451,32,2011,0.014153245486
6452,32,2011,0.01148409894
6453,32,2011,0
6454,32,2011,0.007362967003
6455,32,2011,0.034495084897
6456,32,2011,0.023023791251
6458,32,2011,0.015850803989
6459,32,2011,0.019611650485
6461,32,2011,0.013849491073
6485,32,2011,0.011142061281
6487,32,2011,0.013970082531
6504,32,2011,0.007352941176
6511,32,2011,0.003433476395
6512,32,2011,0.009350892231
